time,watts,cadence,distance,velocity_smooth,torque,left_right_balance,heartrate,temp
0.0,0.0,0.0,0.0,0.0,0.0,0.0,102.0,
1.0,21.0,,1.56,3.784,,101.0,102.0,
3.0,30.0,35.0,9.44,4.033,8.0,101.0,101.0,27.0
5.0,41.0,39.0,18.1,4.446,10.0,101.0,99.0,27.0
7.0,38.0,43.0,25.27,4.931,8.0,101.0,97.0,27.0
8.0,52.0,46.0,32.9,5.364,11.0,101.0,96.0,27.0
9.0,47.0,49.0,38.8,5.487,9.0,101.0,95.0,27.0
11.0,40.0,49.0,49.28,5.505,8.0,101.0,95.0,27.0
12.0,40.0,49.0,55.04,5.309,8.0,101.0,95.0,27.0
14.0,47.0,43.0,65.23,5.027,10.0,101.0,96.0,27.0
17.0,52.0,49.0,81.69,5.854,10.0,101.0,97.0,27.0
19.0,80.0,54.0,94.05,6.298,14.0,101.0,98.0,27.0
21.0,79.0,59.0,103.92,6.843,13.0,101.0,98.0,27.0
22.0,77.0,61.0,114.13,6.895,12.0,101.0,99.0,27.0
24.0,80.0,60.0,128.8,6.792,13.0,101.0,100.0,27.0
26.0,72.0,60.0,138.03,6.82,11.0,101.0,101.0,27.0
27.0,77.0,59.0,148.12,6.816,12.0,101.0,102.0,27.0
29.0,76.0,60.0,161.86,6.76,12.0,101.0,103.0,27.0
31.0,76.0,60.0,174.83,6.865,12.0,101.0,103.0,27.0
32.0,76.0,60.0,182.25,6.865,12.0,101.0,104.0,27.0
34.0,77.0,59.0,196.03,6.777,12.0,101.0,104.0,27.0
36.0,77.0,58.0,208.78,6.76,13.0,101.0,104.0,27.0
38.0,77.0,60.0,222.48,6.767,12.0,101.0,104.0,27.0
39.0,76.0,59.0,230.69,6.781,12.0,101.0,104.0,27.0
41.0,78.0,60.0,243.59,6.851,12.0,101.0,104.0,27.0
43.0,69.0,60.0,256.56,6.813,11.0,101.0,105.0,27.0
45.0,75.0,59.0,271.1,6.682,12.0,101.0,105.0,27.0
47.0,77.0,60.0,283.89,6.827,12.0,101.0,106.0,27.0
49.0,82.0,61.0,295.04,6.906,13.0,101.0,106.0,27.0
50.0,89.0,61.0,304.35,6.971,14.0,101.0,107.0,27.0
51.0,82.0,61.0,311.97,7.028,13.0,101.0,108.0,27.0
53.0,76.0,61.0,325.19,6.94,12.0,101.0,109.0,27.0
54.0,74.0,61.0,332.67,6.862,12.0,101.0,111.0,27.0
56.0,83.0,61.0,346.37,6.831,13.0,101.0,115.0,27.0
58.0,82.0,62.0,360.37,7.011,13.0,101.0,117.0,27.0
60.0,80.0,61.0,373.6,6.981,13.0,101.0,118.0,27.0
61.0,75.0,60.0,381.09,6.899,12.0,101.0,118.0,27.0
63.0,84.0,62.0,394.29,7.028,13.0,101.0,119.0,27.0
64.0,75.0,62.0,401.89,6.994,12.0,101.0,119.0,27.0
66.0,59.0,61.0,415.71,6.674,9.0,101.0,119.0,27.0
68.0,64.0,57.0,428.86,6.444,11.0,101.0,117.0,27.0
70.0,65.0,56.0,441.14,6.506,11.0,101.0,117.0,27.0
128.0,70.0,13.0,446.9,4.886,51.0,101.0,113.0,27.0
130.0,16.0,25.0,454.89,5.559,6.0,101.0,113.0,27.0
132.0,47.0,34.0,465.12,4.807,13.0,101.0,116.0,27.0
133.0,50.0,40.0,472.73,5.304,12.0,101.0,116.0,26.0
135.0,48.0,50.0,484.38,5.775,9.0,101.0,114.0,27.0
138.0,63.0,55.0,498.86,6.142,11.0,101.0,114.0,27.0
139.0,71.0,57.0,505.67,6.401,12.0,101.0,114.0,26.0
141.0,73.0,56.0,518.73,6.525,12.0,101.0,114.0,27.0
143.0,49.0,55.0,531.51,6.666,9.0,101.0,114.0,26.0
144.0,52.0,51.0,538.56,6.483,10.0,101.0,115.0,27.0
146.0,45.0,48.0,550.77,5.63,9.0,101.0,115.0,27.0
148.0,48.0,44.0,561.22,5.497,10.0,101.0,115.0,27.0
150.0,49.0,43.0,572.47,5.589,11.0,101.0,116.0,26.0
151.0,46.0,44.0,578.53,5.619,10.0,101.0,116.0,26.0
153.0,41.0,43.0,588.98,5.445,9.0,101.0,118.0,26.0
154.0,37.0,40.0,594.78,5.265,9.0,101.0,118.0,27.0
156.0,36.0,38.0,605.09,4.981,9.0,101.0,119.0,26.0
158.0,34.0,37.0,614.42,4.886,9.0,101.0,119.0,27.0
159.0,36.0,36.0,619.67,4.886,10.0,101.0,119.0,26.0
161.0,59.0,46.0,630.28,5.828,12.0,101.0,119.0,27.0
163.0,64.0,51.0,641.8,6.319,12.0,101.0,116.0,26.0
164.0,67.0,54.0,648.65,6.319,12.0,101.0,115.0,26.0
166.0,66.0,58.0,661.37,6.304,11.0,101.0,114.0,27.0
168.0,66.0,56.0,674.05,6.331,11.0,101.0,113.0,27.0
170.0,89.0,60.0,686.51,6.706,14.0,101.0,113.0,27.0
171.0,69.0,61.0,693.88,6.851,11.0,101.0,113.0,27.0
173.0,79.0,60.0,707.75,6.773,13.0,101.0,114.0,27.0
175.0,75.0,61.0,720.63,6.823,12.0,101.0,115.0,26.0
177.0,70.0,61.0,734.51,6.813,11.0,101.0,116.0,27.0
179.0,87.0,61.0,748.34,6.917,14.0,101.0,117.0,27.0
181.0,89.0,62.0,762.55,7.126,14.0,101.0,117.0,27.0
183.0,91.0,62.0,777.0,7.127,14.0,101.0,118.0,26.0
185.0,86.0,62.0,790.4,7.14,13.0,101.0,118.0,27.0
186.0,88.0,63.0,799.16,7.184,13.0,101.0,118.0,26.0
188.0,86.0,63.0,812.74,7.184,13.0,101.0,118.0,26.0
190.0,83.0,63.0,826.28,7.161,13.0,101.0,118.0,27.0
191.0,79.0,63.0,834.01,7.1,12.0,101.0,118.0,26.0
193.0,76.0,63.0,848.23,6.979,12.0,101.0,118.0,27.0
195.0,85.0,62.0,862.41,7.05,13.0,101.0,119.0,27.0
197.0,79.0,62.0,875.88,7.129,12.0,101.0,118.0,27.0
198.0,79.0,61.0,883.48,7.077,12.0,101.0,118.0,27.0
199.0,90.0,63.0,893.96,7.028,14.0,101.0,118.0,26.0
202.0,89.0,63.0,911.28,7.161,13.0,101.0,117.0,26.0
203.0,77.0,64.0,918.97,7.067,11.0,101.0,117.0,26.0
205.0,84.0,62.0,933.06,6.877,13.0,101.0,117.0,27.0
207.0,83.0,63.0,946.38,7.077,13.0,101.0,116.0,27.0
208.0,85.0,64.0,954.08,7.132,13.0,101.0,116.0,26.0
210.0,89.0,63.0,968.61,7.127,13.0,101.0,115.0,27.0
212.0,85.0,63.0,982.06,7.097,13.0,101.0,115.0,26.0
213.0,83.0,63.0,989.65,7.09,13.0,101.0,114.0,26.0
215.0,90.0,65.0,1005.12,7.187,13.0,101.0,114.0,26.0
216.0,91.0,65.0,1014.85,7.257,13.0,101.0,113.0,26.0
218.0,93.0,66.0,1025.7,7.286,13.0,101.0,113.0,26.0
220.0,89.0,64.0,1041.26,7.171,13.0,101.0,112.0,27.0
222.0,81.0,65.0,1054.96,7.24,12.0,101.0,112.0,26.0
224.0,92.0,66.0,1068.7,7.279,13.0,101.0,113.0,27.0
225.0,99.0,67.0,1077.57,7.402,14.0,101.0,113.0,26.0
227.0,72.0,70.0,1091.77,7.405,10.0,101.0,115.0,26.0
229.0,88.0,67.0,1105.54,7.222,13.0,101.0,116.0,26.0
230.0,95.0,65.0,1114.27,7.23,14.0,101.0,116.0,27.0
232.0,84.0,67.0,1128.25,7.583,12.0,101.0,117.0,26.0
234.0,90.0,65.0,1142.39,7.447,13.0,101.0,119.0,26.0
235.0,94.0,66.0,1153.11,7.235,14.0,101.0,119.0,26.0
237.0,95.0,67.0,1164.99,7.358,14.0,101.0,119.0,26.0
239.0,99.0,67.0,1178.97,7.441,14.0,101.0,119.0,27.0
240.0,93.0,67.0,1188.01,7.443,13.0,101.0,119.0,26.0
242.0,87.0,67.0,1205.02,7.319,12.0,101.0,118.0,26.0
244.0,92.0,66.0,1219.63,7.25,13.0,101.0,118.0,26.0
246.0,92.0,66.0,1230.5,7.322,13.0,101.0,118.0,26.0
247.0,92.0,66.0,1241.48,7.393,13.0,101.0,118.0,26.0
249.0,92.0,66.0,1256.42,7.374,13.0,101.0,118.0,26.0
250.0,89.0,66.0,1264.33,7.321,13.0,101.0,119.0,26.0
252.0,104.0,66.0,1278.24,7.411,15.0,101.0,118.0,27.0
254.0,92.0,65.0,1290.27,7.456,14.0,101.0,118.0,26.0
256.0,84.0,66.0,1304.29,7.303,12.0,101.0,118.0,27.0
257.0,97.0,66.0,1315.08,7.288,14.0,101.0,119.0,27.0
258.0,88.0,65.0,1322.96,7.297,13.0,101.0,119.0,26.0
260.0,124.0,66.0,1333.83,7.444,18.0,101.0,117.0,26.0
262.0,102.0,67.0,1349.32,7.678,15.0,101.0,113.0,26.0
263.0,71.0,66.0,1360.76,7.423,10.0,101.0,112.0,26.0
265.0,91.0,65.0,1375.32,7.142,13.0,101.0,112.0,26.0
267.0,91.0,65.0,1386.11,7.297,13.0,101.0,111.0,26.0
268.0,82.0,64.0,1396.81,7.126,12.0,101.0,111.0,26.0
270.0,83.0,64.0,1407.31,7.024,12.0,101.0,110.0,26.0
272.0,88.0,64.0,1425.42,7.19,13.0,101.0,110.0,26.0
274.0,83.0,64.0,1439.14,7.269,12.0,101.0,109.0,26.0
275.0,89.0,64.0,1446.94,7.201,13.0,101.0,109.0,26.0
277.0,100.0,67.0,1461.84,7.538,14.0,101.0,110.0,26.0
279.0,92.0,66.0,1476.2,7.586,13.0,101.0,112.0,26.0
280.0,94.0,65.0,1484.15,7.402,14.0,101.0,112.0,26.0
281.0,90.0,64.0,1492.11,7.344,13.0,101.0,113.0,26.0
283.0,102.0,64.0,1505.98,7.368,15.0,101.0,114.0,26.0
285.0,105.0,64.0,1520.97,7.396,16.0,101.0,115.0,26.0
286.0,105.0,65.0,1529.01,7.499,15.0,101.0,116.0,26.0
288.0,95.0,64.0,1543.06,7.257,14.0,101.0,116.0,26.0
289.0,86.0,64.0,1550.82,7.094,13.0,101.0,116.0,26.0
291.0,88.0,63.0,1565.29,7.22,13.0,101.0,116.0,26.0
293.0,89.0,65.0,1574.99,7.228,13.0,101.0,116.0,26.0
294.0,92.0,65.0,1582.81,7.239,14.0,101.0,116.0,26.0
295.0,90.0,65.0,1593.6,7.26,13.0,101.0,116.0,26.0
297.0,88.0,65.0,1608.28,7.161,13.0,101.0,117.0,26.0
299.0,89.0,64.0,1622.77,7.163,13.0,101.0,117.0,26.0
301.0,89.0,64.0,1636.34,7.225,13.0,101.0,117.0,26.0
302.0,90.0,64.0,1644.14,7.224,13.0,101.0,117.0,26.0
304.0,82.0,63.0,1658.71,7.127,12.0,101.0,118.0,26.0
306.0,94.0,64.0,1672.23,7.168,14.0,101.0,119.0,26.0
307.0,91.0,64.0,1679.96,7.222,14.0,101.0,119.0,26.0
309.0,87.0,64.0,1694.79,7.31,13.0,101.0,121.0,26.0
311.0,91.0,65.0,1708.59,7.29,13.0,101.0,121.0,26.0
313.0,90.0,64.0,1723.26,7.263,13.0,101.0,122.0,26.0
314.0,94.0,65.0,1731.12,7.255,14.0,101.0,121.0,26.0
316.0,88.0,64.0,1745.84,7.261,13.0,101.0,119.0,26.0
318.0,84.0,64.0,1759.39,7.1,13.0,101.0,119.0,26.0
319.0,84.0,64.0,1767.02,7.061,13.0,101.0,120.0,26.0
321.0,89.0,63.0,1781.22,7.025,13.0,101.0,120.0,26.0
323.0,92.0,64.0,1794.53,7.07,14.0,101.0,120.0,26.0
324.0,85.0,64.0,1802.23,7.168,13.0,101.0,120.0,26.0
325.0,82.0,64.0,1810.07,7.173,12.0,101.0,120.0,26.0
327.0,81.0,64.0,1819.65,7.077,12.0,101.0,120.0,26.0
328.0,87.0,64.0,1830.13,7.122,13.0,101.0,120.0,26.0
329.0,78.0,64.0,1837.87,7.136,12.0,101.0,120.0,26.0
331.0,85.0,65.0,1852.43,7.202,12.0,101.0,119.0,26.0
333.0,85.0,64.0,1866.01,7.207,13.0,101.0,119.0,26.0
334.0,96.0,64.0,1873.8,7.177,14.0,101.0,119.0,26.0
336.0,94.0,64.0,1888.56,7.341,14.0,101.0,119.0,26.0
338.0,85.0,64.0,1899.44,7.275,13.0,101.0,120.0,26.0
339.0,83.0,63.0,1910.12,7.139,13.0,101.0,120.0,26.0
341.0,80.0,63.0,1924.45,7.018,12.0,101.0,120.0,26.0
343.0,91.0,64.0,1937.9,7.174,14.0,101.0,121.0,26.0
344.0,91.0,64.0,1945.67,7.269,14.0,101.0,121.0,26.0
346.0,103.0,64.0,1960.44,7.341,15.0,101.0,120.0,26.0
348.0,93.0,65.0,1974.5,7.456,14.0,101.0,120.0,26.0
349.0,101.0,65.0,1982.64,7.539,15.0,101.0,120.0,26.0
351.0,94.0,65.0,1997.71,7.412,14.0,101.0,122.0,26.0
353.0,82.0,64.0,2012.61,7.247,12.0,101.0,124.0,26.0
354.0,82.0,64.0,2020.39,7.136,12.0,101.0,125.0,26.0
356.0,103.0,64.0,2033.87,7.2,15.0,101.0,126.0,26.0
358.0,68.0,69.0,2049.15,7.644,9.0,101.0,127.0,26.0
359.0,78.0,66.0,2057.34,7.445,11.0,101.0,127.0,26.0
361.0,88.0,63.0,2071.93,6.988,13.0,101.0,127.0,26.0
363.0,90.0,63.0,2085.58,7.271,14.0,101.0,127.0,26.0
365.0,93.0,62.0,2099.29,7.337,14.0,101.0,127.0,26.0
366.0,82.0,62.0,2107.22,7.259,13.0,101.0,126.0,26.0
368.0,89.0,63.0,2121.93,7.239,13.0,101.0,122.0,26.0
370.0,88.0,63.0,2135.79,7.337,13.0,101.0,118.0,26.0
371.0,59.0,65.0,2143.79,7.417,9.0,101.0,117.0,26.0
374.0,86.0,64.0,2161.3,7.097,13.0,101.0,112.0,26.0
375.0,78.0,63.0,2171.5,6.944,12.0,101.0,111.0,26.0
376.0,83.0,63.0,2179.04,6.984,13.0,101.0,110.0,26.0
379.0,79.0,63.0,2195.89,6.94,12.0,101.0,112.0,26.0
381.0,86.0,65.0,2210.14,7.103,13.0,101.0,115.0,26.0
383.0,85.0,63.0,2224.72,7.184,13.0,101.0,118.0,26.0
384.0,88.0,63.0,2235.21,7.113,13.0,101.0,119.0,26.0
386.0,86.0,63.0,2245.81,7.149,13.0,101.0,121.0,26.0
388.0,84.0,63.0,2260.32,7.155,13.0,101.0,122.0,26.0
390.0,96.0,62.0,2274.72,7.126,15.0,101.0,124.0,26.0
391.0,88.0,63.0,2285.35,7.145,13.0,101.0,124.0,26.0
393.0,85.0,63.0,2296.03,7.216,13.0,101.0,125.0,26.0
395.0,75.0,62.0,2310.49,7.07,12.0,101.0,125.0,26.0
397.0,86.0,62.0,2324.9,7.129,13.0,101.0,126.0,26.0
398.0,89.0,63.0,2335.58,7.206,13.0,101.0,125.0,26.0
400.0,80.0,62.0,2346.14,7.09,12.0,101.0,125.0,26.0
402.0,77.0,61.0,2360.28,6.92,12.0,101.0,124.0,26.0
404.0,80.0,60.0,2374.27,6.912,13.0,101.0,124.0,26.0
406.0,90.0,61.0,2387.41,7.041,14.0,101.0,124.0,26.0
408.0,78.0,62.0,2401.77,7.07,12.0,101.0,123.0,26.0
410.0,83.0,62.0,2416.16,7.08,13.0,101.0,123.0,26.0
412.0,91.0,62.0,2430.57,7.13,14.0,101.0,122.0,26.0
413.0,87.0,63.0,2441.2,7.165,13.0,101.0,123.0,26.0
415.0,85.0,63.0,2451.87,7.187,13.0,101.0,122.0,26.0
417.0,162.0,65.0,2466.47,7.658,24.0,101.0,122.0,26.0
418.0,94.0,68.0,2478.12,7.802,13.0,101.0,122.0,26.0
420.0,91.0,66.0,2490.73,7.442,13.0,101.0,122.0,26.0
422.0,99.0,65.0,2504.62,7.359,15.0,101.0,121.0,26.0
425.0,84.0,65.0,2526.39,7.177,12.0,101.0,120.0,26.0
426.0,93.0,64.0,2534.11,7.17,14.0,101.0,121.0,26.0
428.0,94.0,63.0,2547.47,7.014,14.0,101.0,121.0,26.0
430.0,91.0,64.0,2561.9,7.142,14.0,101.0,120.0,26.0
431.0,88.0,64.0,2569.7,7.244,13.0,101.0,118.0,26.0
433.0,92.0,63.0,2583.4,7.226,14.0,101.0,117.0,26.0
434.0,83.0,63.0,2592.07,7.148,13.0,101.0,117.0,26.0
436.0,95.0,62.0,2605.48,7.119,15.0,101.0,116.0,26.0
438.0,89.0,64.0,2619.11,7.216,13.0,101.0,116.0,26.0
439.0,86.0,64.0,2626.93,7.206,13.0,101.0,116.0,26.0
441.0,89.0,65.0,2641.4,7.127,13.0,101.0,116.0,26.0
443.0,88.0,64.0,2654.92,7.145,13.0,101.0,119.0,26.0
444.0,84.0,64.0,2662.66,7.158,13.0,101.0,119.0,26.0
446.0,77.0,63.0,2677.09,7.069,12.0,101.0,118.0,26.0
447.0,87.0,62.0,2684.65,7.036,13.0,101.0,117.0,26.0
449.0,83.0,63.0,2698.03,7.1,13.0,101.0,117.0,26.0
451.0,90.0,65.0,2712.63,7.18,13.0,101.0,121.0,26.0
453.0,74.0,65.0,2727.24,7.127,11.0,101.0,124.0,26.0
455.0,86.0,64.0,2740.68,7.09,13.0,101.0,126.0,26.0
456.0,86.0,64.0,2749.38,7.18,13.0,101.0,127.0,26.0
458.0,104.0,63.0,2762.61,7.004,16.0,101.0,128.0,26.0
460.0,88.0,65.0,2777.36,7.385,13.0,101.0,128.0,26.0
462.0,90.0,64.0,2791.24,7.244,13.0,101.0,127.0,26.0
463.0,89.0,65.0,2799.05,7.219,13.0,101.0,127.0,26.0
464.0,91.0,64.0,2810.61,7.083,14.0,101.0,126.0,26.0
466.0,87.0,64.0,2820.16,7.087,13.0,101.0,126.0,26.0
467.0,90.0,64.0,2830.7,7.161,13.0,101.0,126.0,26.0
469.0,99.0,65.0,2842.42,7.31,15.0,101.0,125.0,26.0
471.0,91.0,64.0,2856.25,7.303,14.0,101.0,124.0,26.0
473.0,85.0,63.0,2870.94,7.23,13.0,101.0,123.0,26.0
475.0,83.0,62.0,2885.49,7.116,13.0,101.0,123.0,26.0
477.0,90.0,63.0,2899.01,7.239,14.0,101.0,122.0,26.0
478.0,89.0,63.0,2906.9,7.285,13.0,101.0,122.0,26.0
480.0,93.0,63.0,2921.62,7.23,14.0,101.0,122.0,26.0
482.0,89.0,64.0,2935.28,7.253,13.0,101.0,122.0,26.0
483.0,82.0,64.0,2943.09,7.193,12.0,101.0,122.0,26.0
485.0,81.0,62.0,2957.37,6.903,12.0,101.0,122.0,26.0
487.0,89.0,63.0,2971.54,7.083,13.0,101.0,121.0,26.0
489.0,83.0,63.0,2985.01,7.119,13.0,101.0,121.0,26.0
490.0,69.0,65.0,2993.04,7.504,10.0,101.0,120.0,26.0
492.0,79.0,64.0,3009.2,7.499,12.0,101.0,120.0,26.0
494.0,83.0,63.0,3021.75,7.064,13.0,101.0,119.0,26.0
495.0,93.0,62.0,3029.45,7.103,14.0,101.0,119.0,26.0
497.0,88.0,62.0,3044.99,7.237,14.0,101.0,120.0,26.0
499.0,92.0,61.0,3057.69,7.197,14.0,101.0,119.0,26.0
500.0,85.0,61.0,3065.44,7.165,13.0,101.0,119.0,26.0
502.0,83.0,61.0,3080.04,7.209,13.0,101.0,118.0,26.0
504.0,103.0,63.0,3093.81,7.42,16.0,101.0,116.0,26.0
505.0,131.0,63.0,3104.78,7.477,20.0,101.0,115.0,26.0
506.0,63.0,65.0,3113.03,7.571,9.0,101.0,114.0,26.0
508.0,79.0,64.0,3123.97,7.297,12.0,101.0,113.0,26.0
510.0,87.0,64.0,3138.37,6.984,13.0,101.0,112.0,26.0
511.0,94.0,64.0,3146.08,7.152,14.0,101.0,109.0,26.0
512.0,85.0,63.0,3155.77,7.193,13.0,101.0,110.0,26.0
514.0,90.0,64.0,3166.52,7.273,13.0,101.0,112.0,26.0
515.0,97.0,64.0,3174.39,7.303,14.0,101.0,112.0,26.0
517.0,94.0,64.0,3192.31,7.337,14.0,101.0,112.0,26.0
519.0,86.0,64.0,3206.95,7.176,13.0,101.0,112.0,26.0
521.0,91.0,64.0,3217.65,7.209,14.0,101.0,110.0,26.0
522.0,88.0,63.0,3228.45,7.267,13.0,101.0,109.0,26.0
524.0,100.0,64.0,3243.14,7.285,15.0,101.0,109.0,26.0
526.0,95.0,64.0,3258.04,7.356,14.0,101.0,110.0,26.0
528.0,88.0,64.0,3272.79,7.219,13.0,101.0,112.0,26.0
530.0,83.0,63.0,3283.5,7.132,13.0,101.0,114.0,26.0
531.0,97.0,63.0,3294.06,7.155,15.0,101.0,114.0,26.0
533.0,82.0,63.0,3308.55,7.174,12.0,101.0,117.0,26.0
535.0,85.0,65.0,3319.31,7.206,12.0,101.0,119.0,26.0
536.0,83.0,64.0,3329.93,7.145,12.0,101.0,121.0,26.0
538.0,84.0,65.0,3344.75,7.524,12.0,101.0,122.0,26.0
540.0,106.0,66.0,3360.26,7.689,15.0,101.0,123.0,26.0
542.0,106.0,66.0,3374.12,7.471,15.0,101.0,124.0,26.0
543.0,91.0,65.0,3382.19,7.459,13.0,101.0,125.0,26.0
545.0,92.0,64.0,3397.07,7.227,14.0,101.0,125.0,26.0
547.0,82.0,63.0,3411.59,7.13,12.0,101.0,126.0,26.0
549.0,102.0,63.0,3426.11,7.258,15.0,101.0,126.0,26.0
551.0,96.0,64.0,3440.12,7.45,14.0,101.0,126.0,26.0
552.0,133.0,65.0,3448.21,7.599,20.0,101.0,126.0,26.0
554.0,78.0,65.0,3462.7,7.447,11.0,101.0,126.0,26.0
555.0,74.0,63.0,3470.63,7.269,11.0,101.0,126.0,26.0
556.0,93.0,62.0,3478.08,6.843,14.0,101.0,126.0,26.0
558.0,90.0,63.0,3491.36,7.113,14.0,101.0,126.0,26.0
560.0,96.0,64.0,3506.12,7.313,14.0,101.0,126.0,26.0
562.0,102.0,64.0,3521.05,7.459,15.0,101.0,126.0,26.0
564.0,85.0,66.0,3535.05,7.344,12.0,101.0,125.0,26.0
565.0,86.0,65.0,3542.93,7.257,13.0,101.0,126.0,26.0
567.0,89.0,63.0,3557.34,7.098,13.0,101.0,126.0,26.0
569.0,95.0,63.0,3571.81,7.263,14.0,101.0,126.0,26.0
571.0,85.0,64.0,3585.64,7.331,13.0,101.0,127.0,26.0
572.0,87.0,64.0,3593.54,7.263,13.0,101.0,127.0,26.0
574.0,90.0,66.0,3607.27,7.285,13.0,101.0,127.0,26.0
575.0,87.0,65.0,3615.17,7.313,13.0,101.0,127.0,26.0
577.0,99.0,65.0,3630.07,7.391,15.0,101.0,126.0,26.0
579.0,83.0,65.0,3644.95,7.239,12.0,101.0,126.0,26.0
581.0,87.0,65.0,3658.51,7.253,13.0,101.0,124.0,26.0
582.0,87.0,64.0,3666.36,7.299,13.0,101.0,123.0,26.0
584.0,83.0,63.0,3681.01,7.116,13.0,101.0,122.0,26.0
586.0,84.0,62.0,3694.52,7.126,13.0,101.0,121.0,26.0
587.0,106.0,62.0,3702.19,7.174,16.0,101.0,121.0,26.0
589.0,100.0,62.0,3716.98,7.334,15.0,101.0,120.0,26.0
591.0,86.0,61.0,3730.82,7.219,13.0,101.0,117.0,26.0
592.0,104.0,62.0,3738.68,7.337,16.0,101.0,117.0,26.0
594.0,69.0,64.0,3753.4,7.188,10.0,101.0,118.0,26.0
596.0,88.0,66.0,3764.94,7.029,13.0,101.0,119.0,26.0
597.0,96.0,65.0,3774.53,7.225,14.0,101.0,119.0,26.0
599.0,86.0,64.0,3789.32,7.297,13.0,101.0,120.0,26.0
601.0,91.0,64.0,3803.11,7.31,14.0,101.0,121.0,26.0
602.0,97.0,63.0,3811.08,7.344,15.0,101.0,121.0,26.0
604.0,76.0,63.0,3825.91,7.23,12.0,101.0,121.0,26.0
605.0,87.0,62.0,3833.63,7.127,13.0,101.0,121.0,26.0
607.0,95.0,62.0,3846.98,7.07,15.0,101.0,121.0,26.0
609.0,110.0,64.0,3861.8,7.474,16.0,101.0,122.0,26.0
611.0,72.0,63.0,3876.82,7.166,11.0,101.0,121.0,26.0
613.0,95.0,62.0,3889.91,6.893,15.0,101.0,120.0,26.0
614.0,95.0,63.0,3897.57,7.136,14.0,101.0,119.0,26.0
616.0,80.0,61.0,3912.13,7.098,13.0,101.0,119.0,26.0
618.0,70.0,61.0,3925.34,6.862,11.0,101.0,120.0,26.0
619.0,82.0,61.0,3933.72,6.874,13.0,101.0,120.0,26.0
621.0,76.0,60.0,3946.62,6.886,12.0,101.0,121.0,26.0
623.0,82.0,59.0,3959.54,6.875,13.0,101.0,122.0,26.0
624.0,69.0,58.0,3966.95,6.792,11.0,101.0,123.0,26.0
626.0,74.0,57.0,3980.57,6.642,12.0,101.0,124.0,26.0
628.0,73.0,57.0,3993.23,6.735,12.0,101.0,126.0,26.0
629.0,76.0,57.0,4001.45,6.746,13.0,101.0,126.0,26.0
631.0,73.0,57.0,4010.5,6.721,12.0,101.0,127.0,26.0
632.0,70.0,57.0,4020.55,6.763,12.0,101.0,127.0,26.0
633.0,70.0,57.0,4027.87,6.722,12.0,101.0,127.0,26.0
635.0,69.0,55.0,4040.3,6.514,12.0,101.0,126.0,26.0
637.0,67.0,56.0,4053.46,6.495,11.0,101.0,126.0,26.0
638.0,67.0,56.0,4060.49,6.504,11.0,101.0,125.0,26.0
639.0,61.0,55.0,4067.48,6.414,11.0,101.0,125.0,26.0
641.0,64.0,54.0,4080.34,6.346,11.0,101.0,124.0,26.0
643.0,71.0,53.0,4092.43,6.436,13.0,101.0,124.0,26.0
644.0,61.0,54.0,4099.38,6.413,11.0,101.0,123.0,26.0
646.0,67.0,54.0,4111.51,6.468,12.0,101.0,123.0,26.0
648.0,78.0,55.0,4121.16,6.567,14.0,101.0,122.0,26.0
649.0,67.0,55.0,4131.88,6.605,12.0,101.0,122.0,26.0
651.0,69.0,54.0,4144.17,6.468,12.0,101.0,122.0,26.0
653.0,87.0,55.0,4153.97,6.724,15.0,101.0,121.0,26.0
654.0,78.0,55.0,4165.15,6.897,14.0,101.0,121.0,26.0
656.0,63.0,54.0,4177.83,6.57,11.0,101.0,122.0,26.0
658.0,67.0,53.0,4190.84,6.313,12.0,101.0,122.0,26.0
660.0,75.0,54.0,4203.75,6.508,13.0,101.0,121.0,26.0
662.0,72.0,55.0,4213.57,6.645,13.0,101.0,120.0,26.0
664.0,76.0,55.0,4226.17,6.706,13.0,101.0,117.0,26.0
665.0,87.0,57.0,4237.14,6.83,15.0,101.0,116.0,26.0
667.0,75.0,59.0,4250.22,6.91,12.0,101.0,113.0,26.0
669.0,72.0,59.0,4260.38,6.788,12.0,101.0,111.0,26.0
671.0,75.0,56.0,4273.86,6.637,13.0,101.0,107.0,26.0
672.0,75.0,57.0,4283.71,6.637,13.0,101.0,106.0,26.0
674.0,77.0,57.0,4293.64,6.728,13.0,101.0,106.0,26.0
676.0,72.0,57.0,4307.12,6.604,12.0,101.0,108.0,26.0
678.0,76.0,57.0,4320.36,6.548,13.0,101.0,110.0,26.0
679.0,72.0,57.0,4330.18,6.637,12.0,101.0,111.0,26.0
681.0,75.0,59.0,4340.16,6.756,12.0,101.0,114.0,26.0
682.0,79.0,59.0,4347.45,6.76,13.0,101.0,115.0,26.0
683.0,79.0,59.0,4357.57,6.825,13.0,101.0,117.0,26.0
685.0,81.0,60.0,4367.75,6.903,13.0,101.0,119.0,26.0
686.0,81.0,60.0,4378.03,6.92,13.0,101.0,119.0,26.0
688.0,77.0,59.0,4388.37,6.94,12.0,101.0,120.0,26.0
690.0,82.0,61.0,4402.37,6.957,13.0,101.0,121.0,26.0
692.0,78.0,60.0,4416.51,6.961,12.0,101.0,121.0,26.0
693.0,88.0,61.0,4426.83,6.978,14.0,101.0,122.0,26.0
695.0,71.0,60.0,4437.1,6.889,11.0,101.0,122.0,26.0
697.0,76.0,61.0,4450.79,6.781,12.0,101.0,122.0,26.0
699.0,70.0,61.0,4464.61,6.787,11.0,101.0,122.0,26.0
700.0,70.0,59.0,4474.53,6.663,11.0,101.0,122.0,26.0
702.0,63.0,62.0,4484.75,6.964,10.0,101.0,123.0,26.0
704.0,76.0,61.0,4499.13,7.129,12.0,101.0,123.0,26.0
706.0,73.0,59.0,4513.03,6.84,12.0,101.0,124.0,26.0
707.0,93.0,59.0,4523.29,6.988,15.0,101.0,124.0,26.0
709.0,76.0,59.0,4533.65,6.967,12.0,101.0,124.0,26.0
711.0,70.0,60.0,4547.99,7.008,11.0,101.0,124.0,26.0
713.0,85.0,59.0,4561.14,6.934,14.0,101.0,124.0,26.0
714.0,86.0,59.0,4568.57,6.903,14.0,101.0,124.0,26.0
716.0,82.0,60.0,4582.79,7.05,13.0,101.0,124.0,26.0
718.0,85.0,61.0,4595.26,7.13,13.0,101.0,125.0,26.0
719.0,84.0,61.0,4603.92,7.149,13.0,101.0,125.0,26.0
721.0,99.0,61.0,4618.29,7.149,15.0,101.0,124.0,26.0
722.0,79.0,61.0,4628.94,7.149,12.0,101.0,123.0,26.0
724.0,93.0,62.0,4639.55,7.169,14.0,101.0,121.0,26.0
726.0,83.0,62.0,4653.91,7.084,13.0,101.0,120.0,26.0
728.0,87.0,61.0,4667.37,7.122,14.0,101.0,120.0,26.0
729.0,88.0,61.0,4675.08,7.152,14.0,101.0,120.0,26.0
731.0,87.0,61.0,4689.54,7.128,14.0,101.0,119.0,26.0
733.0,74.0,60.0,4703.87,6.976,12.0,101.0,119.0,26.0
735.0,81.0,59.0,4717.0,6.913,13.0,101.0,118.0,26.0
736.0,93.0,60.0,4725.54,7.079,15.0,101.0,118.0,26.0
738.0,91.0,61.0,4739.04,7.231,14.0,101.0,117.0,26.0
740.0,81.0,62.0,4752.62,7.097,12.0,101.0,116.0,26.0
741.0,79.0,61.0,4760.23,7.018,12.0,101.0,115.0,26.0
742.0,88.0,60.0,4767.79,7.01,14.0,101.0,114.0,26.0
743.0,82.0,61.0,4777.24,7.028,13.0,101.0,114.0,26.0
745.0,93.0,61.0,4787.79,7.145,15.0,101.0,113.0,26.0
747.0,84.0,61.0,4802.44,7.212,13.0,101.0,112.0,26.0
748.0,81.0,62.0,4810.15,7.109,12.0,101.0,111.0,26.0
750.0,80.0,62.0,4823.53,7.011,12.0,101.0,111.0,26.0
751.0,79.0,61.0,4831.04,6.971,12.0,101.0,110.0,26.0
753.0,80.0,62.0,4845.3,7.069,12.0,101.0,110.0,26.0
754.0,79.0,60.0,4855.75,7.057,13.0,101.0,110.0,26.0
756.0,76.0,59.0,4866.06,6.865,12.0,101.0,111.0,26.0
757.0,77.0,59.0,4877.1,6.812,12.0,101.0,111.0,26.0
759.0,74.0,58.0,4886.27,6.774,12.0,101.0,111.0,26.0
760.0,73.0,57.0,4893.56,6.734,12.0,101.0,111.0,26.0
762.0,72.0,57.0,4906.32,6.721,12.0,101.0,111.0,26.0
763.0,75.0,56.0,4913.6,6.738,13.0,101.0,111.0,26.0
765.0,66.0,54.0,4927.03,6.568,12.0,101.0,112.0,26.0
767.0,71.0,55.0,4939.36,6.521,12.0,101.0,111.0,26.0
768.0,78.0,55.0,4946.45,6.589,14.0,101.0,110.0,26.0
770.0,80.0,57.0,4960.1,6.874,13.0,101.0,109.0,26.0
772.0,56.0,55.0,4973.03,6.703,10.0,101.0,109.0,26.0
773.0,69.0,53.0,4980.16,6.559,12.0,101.0,109.0,26.0
775.0,68.0,54.0,4993.24,6.55,12.0,101.0,112.0,26.0
777.0,76.0,55.0,5005.71,6.692,13.0,101.0,115.0,26.0
778.0,64.0,54.0,5012.91,6.685,11.0,101.0,117.0,26.0
780.0,73.0,53.0,5026.38,6.549,13.0,101.0,119.0,26.0
782.0,64.0,52.0,5038.79,6.563,12.0,101.0,119.0,26.0
783.0,79.0,52.0,5045.9,6.641,15.0,101.0,119.0,26.0
785.0,69.0,56.0,5059.52,6.825,12.0,101.0,119.0,26.0
787.0,60.0,54.0,5072.17,6.57,11.0,101.0,119.0,26.0
788.0,60.0,53.0,5079.1,6.374,11.0,101.0,119.0,26.0
790.0,82.0,54.0,5092.0,6.497,15.0,101.0,120.0,26.0
791.0,73.0,53.0,5099.03,6.555,13.0,101.0,120.0,26.0
792.0,76.0,53.0,5107.98,6.652,14.0,101.0,120.0,26.0
794.0,77.0,54.0,5117.89,6.713,14.0,101.0,121.0,26.0
796.0,86.0,57.0,5131.62,6.844,14.0,101.0,122.0,26.0
797.0,83.0,57.0,5139.05,6.931,14.0,101.0,122.0,26.0
798.0,75.0,57.0,5149.4,6.965,13.0,101.0,121.0,26.0
800.0,89.0,56.0,5159.6,6.858,15.0,101.0,121.0,26.0
802.0,69.0,55.0,5173.39,6.767,12.0,101.0,119.0,26.0
804.0,74.0,54.0,5186.1,6.622,13.0,101.0,119.0,26.0
805.0,78.0,55.0,5193.3,6.713,14.0,101.0,119.0,26.0
807.0,74.0,54.0,5207.93,6.763,13.0,101.0,119.0,26.0
809.0,83.0,53.0,5219.85,6.82,15.0,101.0,119.0,26.0
811.0,68.0,56.0,5233.87,6.92,12.0,101.0,119.0,26.0
812.0,61.0,53.0,5242.13,6.678,11.0,101.0,119.0,26.0
814.0,73.0,52.0,5253.71,6.614,13.0,101.0,119.0,26.0
815.0,73.0,52.0,5260.76,6.54,13.0,101.0,119.0,26.0
817.0,67.0,54.0,5275.78,6.988,12.0,101.0,121.0,26.0
819.0,59.0,53.0,5288.44,6.397,11.0,101.0,121.0,26.0
821.0,62.0,53.0,5300.47,6.359,11.0,101.0,121.0,26.0
822.0,74.0,52.0,5308.2,6.4,14.0,101.0,122.0,26.0
824.0,62.0,53.0,5320.5,6.474,11.0,101.0,122.0,26.0
826.0,65.0,53.0,5332.57,6.347,12.0,101.0,122.0,26.0
828.0,74.0,54.0,5345.4,6.394,13.0,101.0,121.0,26.0
829.0,73.0,56.0,5352.4,6.549,12.0,101.0,121.0,26.0
831.0,78.0,56.0,5364.94,6.728,13.0,101.0,121.0,26.0
832.0,70.0,56.0,5373.12,6.722,12.0,101.0,121.0,26.0
834.0,76.0,56.0,5385.84,6.683,13.0,101.0,119.0,26.0
835.0,86.0,57.0,5395.84,6.844,14.0,101.0,117.0,26.0
836.0,70.0,58.0,5403.29,6.828,12.0,101.0,117.0,26.0
838.0,73.0,58.0,5412.65,6.947,12.0,101.0,117.0,26.0
839.0,70.0,57.0,5420.07,6.802,12.0,101.0,117.0,26.0
841.0,123.0,58.0,5433.25,7.206,20.0,101.0,119.0,26.0
842.0,80.0,60.0,5441.06,7.222,13.0,101.0,119.0,26.0
844.0,79.0,60.0,5455.42,6.863,13.0,101.0,119.0,26.0
846.0,73.0,59.0,5469.27,6.797,12.0,101.0,120.0,26.0
848.0,70.0,57.0,5481.95,6.659,12.0,101.0,121.0,26.0
849.0,77.0,56.0,5489.15,6.685,13.0,101.0,121.0,26.0
851.0,83.0,57.0,5502.87,6.863,14.0,101.0,122.0,26.0
853.0,76.0,58.0,5515.94,6.896,13.0,101.0,122.0,26.0
854.0,97.0,58.0,5526.2,6.934,16.0,101.0,122.0,26.0
856.0,53.0,60.0,5537.7,6.881,8.0,101.0,121.0,26.0
858.0,91.0,59.0,5550.46,6.813,15.0,101.0,121.0,26.0
859.0,94.0,61.0,5557.83,6.894,15.0,101.0,121.0,26.0
860.0,81.0,62.0,5565.59,7.194,12.0,101.0,121.0,26.0
861.0,82.0,62.0,5575.26,7.139,13.0,101.0,121.0,26.0
863.0,79.0,62.0,5585.74,6.971,12.0,101.0,121.0,26.0
864.0,80.0,62.0,5593.26,6.951,12.0,101.0,121.0,26.0
866.0,92.0,61.0,5610.24,7.084,14.0,101.0,121.0,26.0
868.0,91.0,62.0,5620.95,7.238,14.0,101.0,121.0,26.0
869.0,86.0,63.0,5628.78,7.225,13.0,101.0,121.0,26.0
870.0,85.0,61.0,5639.4,7.084,13.0,101.0,121.0,26.0
872.0,84.0,61.0,5649.74,7.011,13.0,101.0,120.0,26.0
874.0,74.0,60.0,5663.96,6.984,12.0,101.0,120.0,26.0
875.0,78.0,59.0,5674.27,6.903,13.0,101.0,120.0,26.0
877.0,75.0,59.0,5688.17,6.92,12.0,101.0,121.0,26.0
879.0,77.0,58.0,5698.4,6.872,13.0,101.0,121.0,26.0
880.0,83.0,60.0,5708.67,6.91,13.0,101.0,121.0,26.0
882.0,90.0,60.0,5722.84,7.054,14.0,101.0,122.0,26.0
884.0,78.0,58.0,5737.05,6.965,13.0,101.0,122.0,26.0
886.0,81.0,58.0,5750.15,6.896,13.0,101.0,124.0,26.0
887.0,82.0,58.0,5757.63,6.917,14.0,101.0,124.0,26.0
889.0,79.0,58.0,5771.65,6.878,13.0,101.0,125.0,26.0
891.0,90.0,59.0,5785.55,6.934,15.0,101.0,125.0,26.0
893.0,87.0,60.0,5798.88,7.136,14.0,101.0,124.0,26.0
895.0,78.0,59.0,5813.06,6.944,13.0,101.0,121.0,26.0
896.0,76.0,59.0,5820.48,6.781,12.0,101.0,121.0,26.0
898.0,79.0,59.0,5833.44,6.893,13.0,101.0,121.0,26.0
899.0,86.0,60.0,5840.88,6.94,14.0,101.0,121.0,26.0
901.0,84.0,60.0,5855.07,7.038,13.0,101.0,122.0,26.0
903.0,68.0,60.0,5868.14,6.785,11.0,101.0,122.0,26.0
904.0,85.0,60.0,5875.38,6.788,14.0,101.0,123.0,26.0
906.0,77.0,61.0,5889.25,7.014,12.0,101.0,123.0,26.0
908.0,81.0,60.0,5903.39,6.971,13.0,101.0,124.0,26.0
910.0,84.0,60.0,5916.52,6.971,13.0,101.0,125.0,26.0
911.0,74.0,59.0,5924.06,6.96,12.0,101.0,125.0,26.0
913.0,86.0,58.0,5937.06,6.806,14.0,101.0,125.0,26.0
915.0,77.0,58.0,5950.89,6.837,13.0,101.0,126.0,26.0
916.0,75.0,58.0,5958.27,6.868,12.0,101.0,126.0,26.0
918.0,72.0,59.0,5971.66,6.462,12.0,101.0,127.0,26.0
920.0,83.0,59.0,5984.07,6.646,13.0,101.0,127.0,26.0
921.0,86.0,60.0,5992.51,6.996,14.0,101.0,126.0,26.0
923.0,79.0,58.0,6005.71,6.941,13.0,101.0,126.0,26.0
925.0,75.0,57.0,6018.7,6.822,13.0,101.0,126.0,26.0
926.0,90.0,57.0,6026.1,6.927,15.0,101.0,125.0,26.0
927.0,78.0,59.0,6033.62,6.967,13.0,101.0,125.0,26.0
929.0,81.0,58.0,6046.61,6.83,13.0,101.0,125.0,26.0
931.0,76.0,59.0,6060.35,6.816,12.0,101.0,125.0,26.0
933.0,78.0,59.0,6074.18,6.769,13.0,101.0,125.0,26.0
935.0,71.0,59.0,6086.92,6.666,11.0,101.0,125.0,26.0
936.0,68.0,59.0,6094.07,6.633,11.0,101.0,125.0,26.0
938.0,78.0,58.0,6107.39,6.645,13.0,101.0,125.0,26.0
940.0,72.0,59.0,6121.08,6.82,12.0,101.0,125.0,26.0
942.0,80.0,58.0,6133.96,6.82,13.0,101.0,125.0,26.0
943.0,84.0,59.0,6141.28,6.82,14.0,101.0,125.0,26.0
945.0,72.0,59.0,6151.58,6.868,12.0,101.0,124.0,26.0
946.0,93.0,59.0,6161.8,6.954,15.0,101.0,123.0,26.0
948.0,68.0,60.0,6176.08,7.08,11.0,101.0,123.0,26.0
950.0,76.0,59.0,6190.06,6.737,12.0,101.0,123.0,26.0
952.0,83.0,58.0,6202.8,6.771,14.0,101.0,122.0,26.0
954.0,82.0,59.0,6216.73,6.931,13.0,101.0,121.0,26.0
955.0,71.0,59.0,6224.32,7.021,11.0,101.0,120.0,26.0
957.0,77.0,58.0,6234.6,6.893,13.0,101.0,119.0,26.0
958.0,84.0,59.0,6244.81,6.865,14.0,101.0,118.0,26.0
960.0,80.0,60.0,6258.85,6.94,13.0,101.0,118.0,26.0
962.0,75.0,60.0,6269.07,6.875,12.0,101.0,119.0,26.0
963.0,70.0,60.0,6279.23,6.753,11.0,101.0,118.0,26.0
965.0,80.0,60.0,6292.99,6.841,13.0,101.0,116.0,26.0
967.0,75.0,60.0,6307.81,6.806,12.0,101.0,116.0,26.0
969.0,70.0,58.0,6319.61,6.674,12.0,101.0,119.0,26.0
970.0,70.0,58.0,6326.78,6.644,12.0,101.0,119.0,26.0
972.0,65.0,58.0,6340.24,6.563,11.0,101.0,120.0,26.0
974.0,69.0,57.0,6352.73,6.582,12.0,101.0,121.0,26.0
975.0,77.0,58.0,6359.89,6.677,13.0,101.0,122.0,26.0
976.0,69.0,59.0,6367.07,6.637,11.0,101.0,122.0,26.0
978.0,73.0,59.0,6379.78,6.756,12.0,101.0,122.0,26.0
980.0,81.0,58.0,6393.39,6.721,13.0,101.0,123.0,26.0
982.0,87.0,61.0,6407.12,6.912,14.0,101.0,124.0,26.0
984.0,77.0,62.0,6420.25,6.94,12.0,101.0,124.0,26.0
985.0,79.0,61.0,6427.76,6.96,12.0,101.0,124.0,26.0
987.0,76.0,60.0,6441.62,6.805,12.0,101.0,126.0,26.0
989.0,69.0,59.0,6454.37,6.666,11.0,101.0,126.0,26.0
990.0,80.0,58.0,6461.6,6.717,13.0,101.0,126.0,26.0
992.0,73.0,59.0,6475.23,6.781,12.0,101.0,127.0,26.0
994.0,73.0,58.0,6487.92,6.67,12.0,101.0,128.0,26.0
995.0,77.0,58.0,6495.11,6.692,13.0,101.0,128.0,26.0
998.0,81.0,59.0,6511.61,6.855,13.0,101.0,129.0,26.0
999.0,79.0,59.0,6521.79,6.862,13.0,101.0,129.0,26.0
1000.0,73.0,60.0,6529.19,6.832,12.0,101.0,129.0,26.0
1003.0,73.0,58.0,6545.54,6.695,12.0,101.0,129.0,26.0
1005.0,73.0,60.0,6559.21,6.742,12.0,101.0,130.0,26.0
1006.0,80.0,60.0,6569.2,6.795,13.0,101.0,129.0,26.0
1008.0,80.0,59.0,6579.35,6.837,13.0,101.0,129.0,26.0
1010.0,71.0,59.0,6593.25,6.843,11.0,101.0,129.0,26.0
1012.0,91.0,58.0,6606.99,6.868,15.0,101.0,128.0,26.0
1014.0,86.0,61.0,6621.12,7.083,13.0,101.0,127.0,26.0
1015.0,78.0,61.0,6631.52,6.94,12.0,101.0,127.0,26.0
1017.0,74.0,60.0,6641.72,6.83,12.0,101.0,126.0,26.0
1018.0,82.0,60.0,6651.77,6.806,13.0,101.0,126.0,26.0
1020.0,65.0,61.0,6661.91,6.71,10.0,101.0,125.0,26.0
1021.0,84.0,60.0,6671.87,6.746,13.0,101.0,124.0,26.0
1024.0,76.0,61.0,6689.4,6.872,12.0,101.0,124.0,26.0
1026.0,81.0,62.0,6703.55,6.985,12.0,101.0,125.0,26.0
1028.0,75.0,63.0,6717.61,6.82,11.0,101.0,125.0,26.0
1030.0,77.0,63.0,6730.42,6.742,12.0,101.0,125.0,26.0
1031.0,82.0,61.0,6737.65,6.731,13.0,101.0,125.0,26.0
1033.0,80.0,63.0,6751.54,6.916,12.0,101.0,125.0,26.0
1035.0,83.0,63.0,6765.66,6.995,13.0,101.0,125.0,26.0
1037.0,76.0,61.0,6778.77,6.879,12.0,101.0,126.0,26.0
1038.0,92.0,62.0,6786.15,6.879,14.0,101.0,126.0,26.0
1040.0,78.0,63.0,6799.17,6.927,12.0,101.0,126.0,26.0
1041.0,82.0,62.0,6806.66,6.973,13.0,101.0,126.0,26.0
1043.0,87.0,63.0,6820.74,7.021,13.0,101.0,125.0,26.0
1045.0,81.0,62.0,6834.9,6.934,12.0,101.0,124.0,26.0
1047.0,89.0,62.0,6848.04,6.988,14.0,101.0,123.0,26.0
1048.0,85.0,62.0,6855.71,7.1,13.0,101.0,123.0,26.0
1050.0,82.0,63.0,6870.34,7.254,12.0,101.0,122.0,26.0
1052.0,85.0,62.0,6883.96,7.193,13.0,101.0,122.0,26.0
1053.0,90.0,62.0,6891.65,7.149,14.0,101.0,122.0,26.0
1055.0,87.0,63.0,6906.27,7.317,13.0,101.0,123.0,26.0
1057.0,87.0,61.0,6919.99,7.132,14.0,101.0,123.0,26.0
1059.0,86.0,61.0,6934.27,7.031,13.0,101.0,123.0,26.0
1060.0,90.0,61.0,6941.93,7.128,14.0,101.0,123.0,26.0
1062.0,90.0,62.0,6955.46,7.209,14.0,101.0,123.0,26.0
1063.0,84.0,62.0,6963.31,7.209,13.0,101.0,124.0,26.0
1065.0,93.0,62.0,6977.9,7.224,14.0,101.0,124.0,26.0
1067.0,89.0,63.0,6991.59,7.272,13.0,101.0,124.0,26.0
1068.0,89.0,63.0,6999.41,7.244,13.0,101.0,124.0,26.0
1070.0,71.0,63.0,7014.78,7.021,11.0,101.0,123.0,26.0
1072.0,87.0,61.0,7027.83,6.928,14.0,101.0,123.0,26.0
1074.0,84.0,62.0,7041.19,7.136,13.0,101.0,123.0,26.0
1075.0,79.0,62.0,7048.86,7.08,12.0,101.0,123.0,26.0
1077.0,77.0,61.0,7063.08,6.916,12.0,101.0,125.0,26.0
1079.0,77.0,60.0,7077.05,6.894,12.0,101.0,127.0,26.0
1081.0,86.0,61.0,7090.21,7.011,13.0,101.0,127.0,26.0
1082.0,77.0,61.0,7097.72,6.971,12.0,101.0,128.0,26.0
1084.0,79.0,60.0,7111.75,6.863,13.0,101.0,129.0,26.0
1086.0,83.0,59.0,7124.73,6.882,13.0,101.0,130.0,26.0
1088.0,74.0,59.0,7138.64,6.841,12.0,101.0,130.0,26.0
1089.0,76.0,59.0,7146.01,6.793,12.0,101.0,130.0,26.0
1091.0,88.0,59.0,7158.8,6.868,14.0,101.0,130.0,26.0
1092.0,75.0,59.0,7166.22,6.851,12.0,101.0,130.0,26.0
1094.0,74.0,59.0,7180.19,6.816,12.0,101.0,131.0,26.0
1096.0,87.0,59.0,7193.02,6.841,14.0,101.0,132.0,26.0
1098.0,74.0,59.0,7206.99,6.868,12.0,101.0,133.0,26.0
1099.0,82.0,60.0,7214.39,6.911,13.0,101.0,133.0,26.0
1101.0,75.0,60.0,7227.31,6.805,12.0,101.0,136.0,26.0
1102.0,76.0,60.0,7234.66,6.781,12.0,101.0,135.0,26.0
1104.0,68.0,60.0,7248.38,6.702,11.0,101.0,133.0,26.0
1106.0,86.0,60.0,7261.02,6.791,14.0,101.0,132.0,26.0
1107.0,74.0,61.0,7269.34,6.86,12.0,101.0,131.0,26.0
1109.0,79.0,60.0,7282.4,6.871,13.0,101.0,129.0,26.0
1111.0,83.0,61.0,7295.49,6.975,13.0,101.0,126.0,26.0
1112.0,85.0,61.0,7303.05,7.021,13.0,101.0,123.0,26.0
1115.0,88.0,62.0,7324.29,7.231,14.0,101.0,128.0,26.0
1117.0,81.0,61.0,7338.82,7.105,13.0,101.0,129.0,26.0
1119.0,76.0,61.0,7352.87,6.927,12.0,101.0,130.0,26.0
1121.0,61.0,61.0,7366.02,6.778,10.0,101.0,130.0,26.0
1122.0,82.0,62.0,7373.34,6.785,13.0,101.0,130.0,26.0
1124.0,86.0,61.0,7387.19,7.014,13.0,101.0,131.0,26.0
1126.0,81.0,60.0,7401.45,7.028,13.0,101.0,131.0,26.0
1128.0,86.0,60.0,7414.67,7.011,14.0,101.0,131.0,26.0
1130.0,85.0,60.0,7429.03,7.113,14.0,101.0,130.0,26.0
1131.0,84.0,61.0,7436.67,7.058,13.0,101.0,131.0,26.0
1133.0,65.0,61.0,7449.83,6.845,10.0,101.0,131.0,26.0
1134.0,77.0,60.0,7457.14,6.785,12.0,101.0,131.0,26.0
1135.0,75.0,60.0,7467.16,6.738,12.0,101.0,130.0,26.0
1137.0,75.0,60.0,7477.26,6.796,12.0,101.0,129.0,26.0
1139.0,78.0,58.0,7490.86,6.73,13.0,101.0,128.0,26.0
1141.0,87.0,58.0,7504.71,6.988,14.0,101.0,127.0,26.0
1143.0,71.0,58.0,7517.8,6.872,12.0,101.0,127.0,26.0
1144.0,82.0,57.0,7525.19,6.862,14.0,101.0,127.0,26.0
1146.0,80.0,59.0,7541.84,6.868,13.0,101.0,128.0,26.0
1148.0,89.0,59.0,7552.07,6.967,14.0,101.0,129.0,26.0
1149.0,95.0,60.0,7559.68,7.066,15.0,101.0,129.0,26.0
1151.0,89.0,60.0,7577.35,7.31,14.0,101.0,130.0,26.0
1153.0,83.0,60.0,7591.71,6.969,13.0,101.0,130.0,26.0
1155.0,82.0,61.0,7602.03,6.962,13.0,101.0,129.0,26.0
1156.0,86.0,62.0,7612.43,7.039,13.0,101.0,129.0,26.0
1158.0,83.0,62.0,7626.8,7.1,13.0,101.0,129.0,26.0
1160.0,77.0,61.0,7641.14,7.061,12.0,101.0,128.0,26.0
1162.0,86.0,61.0,7652.48,7.017,13.0,101.0,127.0,26.0
1164.0,79.0,62.0,7665.75,6.978,12.0,101.0,128.0,26.0
1165.0,76.0,61.0,7676.04,6.923,12.0,101.0,128.0,26.0
1167.0,81.0,61.0,7690.09,6.913,13.0,101.0,128.0,26.0
1169.0,85.0,62.0,7704.07,6.984,13.0,101.0,128.0,26.0
1171.0,81.0,62.0,7714.42,6.957,12.0,101.0,128.0,26.0
1172.0,91.0,62.0,7724.86,7.054,14.0,101.0,128.0,26.0
1174.0,80.0,61.0,7739.0,6.998,13.0,101.0,128.0,26.0
1176.0,74.0,61.0,7752.97,6.805,12.0,101.0,127.0,26.0
1178.0,104.0,61.0,7765.97,7.067,16.0,101.0,127.0,26.0
1179.0,73.0,61.0,7773.57,7.051,11.0,101.0,127.0,26.0
1181.0,68.0,60.0,7787.62,6.614,11.0,101.0,128.0,26.0
1183.0,84.0,60.0,7800.23,6.771,13.0,101.0,128.0,26.0
1184.0,106.0,61.0,7807.75,7.129,17.0,101.0,128.0,26.0
1186.0,79.0,61.0,7822.37,7.166,12.0,101.0,128.0,26.0
1188.0,80.0,61.0,7832.81,6.875,13.0,101.0,128.0,26.0
1190.0,81.0,61.0,7849.61,6.935,13.0,101.0,128.0,26.0
1191.0,84.0,61.0,7857.15,6.994,13.0,101.0,128.0,26.0
1193.0,84.0,60.0,7870.41,7.039,13.0,101.0,128.0,26.0
1194.0,84.0,60.0,7877.98,7.051,13.0,101.0,128.0,26.0
1196.0,85.0,61.0,7892.29,7.087,13.0,101.0,128.0,26.0
1198.0,91.0,61.0,7906.69,7.159,14.0,101.0,128.0,26.0
1200.0,88.0,61.0,7920.22,7.155,14.0,101.0,127.0,26.0
1202.0,86.0,61.0,7934.7,7.139,13.0,101.0,128.0,26.0
1203.0,86.0,62.0,7942.41,7.128,13.0,101.0,128.0,26.0
1205.0,84.0,62.0,7955.82,7.077,13.0,101.0,128.0,26.0
1206.0,83.0,61.0,7963.47,7.051,13.0,101.0,128.0,26.0
1207.0,85.0,61.0,7971.03,7.028,13.0,101.0,129.0,26.0
1209.0,94.0,61.0,7984.34,7.075,15.0,101.0,130.0,26.0
1211.0,86.0,63.0,7998.89,7.178,13.0,101.0,131.0,26.0
1213.0,81.0,62.0,8009.57,7.142,12.0,101.0,131.0,26.0
1214.0,84.0,61.0,8020.06,7.047,13.0,101.0,131.0,26.0
1216.0,77.0,63.0,8034.52,7.145,12.0,101.0,132.0,26.0
1218.0,79.0,62.0,8048.88,7.01,12.0,101.0,132.0,26.0
1220.0,90.0,61.0,8063.03,7.069,14.0,101.0,132.0,26.0
1222.0,91.0,62.0,8076.49,7.165,14.0,101.0,131.0,26.0
1223.0,88.0,62.0,8084.25,7.197,14.0,101.0,131.0,26.0
1225.0,90.0,64.0,8097.91,7.25,13.0,101.0,130.0,26.0
1226.0,95.0,63.0,8105.72,7.231,14.0,101.0,130.0,26.0
1228.0,86.0,62.0,8120.46,7.184,13.0,101.0,130.0,26.0
1230.0,90.0,62.0,8134.9,7.176,14.0,101.0,130.0,26.0
1232.0,99.0,65.0,8148.73,7.45,15.0,101.0,130.0,26.0
1233.0,88.0,65.0,8156.8,7.465,13.0,101.0,130.0,26.0
1235.0,81.0,63.0,8171.67,7.13,12.0,101.0,130.0,26.0
1237.0,99.0,63.0,8185.12,7.187,15.0,101.0,130.0,26.0
1238.0,96.0,64.0,8192.97,7.31,14.0,101.0,130.0,26.0
1240.0,96.0,64.0,8207.97,7.402,14.0,101.0,130.0,26.0
1242.0,98.0,64.0,8221.88,7.362,15.0,101.0,130.0,26.0
1243.0,98.0,64.0,8229.88,7.393,15.0,101.0,131.0,26.0
1245.0,49.0,67.0,8245.03,7.484,7.0,101.0,130.0,26.0
1246.0,65.0,64.0,8252.71,7.028,10.0,101.0,130.0,26.0
1248.0,86.0,61.0,8265.18,6.386,13.0,101.0,129.0,26.0
1250.0,88.0,62.0,8279.08,7.062,14.0,101.0,129.0,26.0
1251.0,81.0,62.0,8286.79,7.123,12.0,101.0,129.0,26.0
1253.0,73.0,60.0,8300.15,6.978,12.0,101.0,129.0,26.0
1255.0,86.0,60.0,8314.17,6.95,14.0,101.0,129.0,26.0
1256.0,92.0,61.0,8321.79,7.105,14.0,101.0,129.0,26.0
1258.0,77.0,61.0,8335.31,7.158,12.0,101.0,129.0,26.0
1260.0,73.0,62.0,8349.8,7.127,11.0,101.0,129.0,26.0
1261.0,76.0,61.0,8357.48,7.004,12.0,101.0,129.0,26.0
1263.0,87.0,62.0,8370.58,6.979,13.0,101.0,129.0,26.0
1265.0,84.0,62.0,8382.07,7.184,13.0,101.0,129.0,26.0
1266.0,80.0,62.0,8392.67,7.095,12.0,101.0,129.0,26.0
1268.0,91.0,61.0,8402.13,7.018,14.0,101.0,129.0,26.0
1269.0,79.0,62.0,8412.56,7.008,12.0,101.0,130.0,26.0
1270.0,122.0,63.0,8420.33,7.33,18.0,101.0,130.0,26.0
1271.0,78.0,60.0,8428.32,7.374,12.0,101.0,133.0,26.0
1273.0,81.0,60.0,8442.14,7.165,13.0,101.0,134.0,26.0
1275.0,83.0,62.0,8456.12,6.944,13.0,101.0,136.0,26.0
1276.0,87.0,63.0,8463.68,7.032,13.0,101.0,136.0,26.0
1278.0,86.0,63.0,8477.06,7.09,13.0,101.0,137.0,26.0
1280.0,86.0,62.0,8487.51,6.999,13.0,101.0,137.0,26.0
1281.0,86.0,62.0,8495.03,6.992,13.0,101.0,137.0,26.0
1282.0,79.0,60.0,8506.49,7.007,13.0,101.0,137.0,26.0
1284.0,84.0,61.0,8515.94,7.032,13.0,101.0,136.0,26.0
1285.0,90.0,62.0,8526.41,7.068,14.0,101.0,136.0,26.0
1288.0,94.0,61.0,8547.5,7.099,15.0,101.0,136.0,26.0
1289.0,86.0,61.0,8555.18,7.152,13.0,101.0,137.0,26.0
1291.0,76.0,63.0,8568.73,7.14,12.0,101.0,137.0,26.0
1292.0,82.0,61.0,8577.29,7.013,13.0,101.0,137.0,26.0
1295.0,87.0,60.0,8593.24,6.978,14.0,101.0,137.0,26.0
1296.0,82.0,61.0,8603.73,7.064,13.0,101.0,137.0,26.0
1297.0,78.0,60.0,8611.38,7.077,12.0,101.0,137.0,26.0
1300.0,94.0,61.0,8628.39,7.077,15.0,101.0,137.0,26.0
1301.0,87.0,62.0,8640.04,7.184,13.0,101.0,136.0,26.0
1303.0,100.0,61.0,8653.42,7.119,16.0,101.0,135.0,26.0
1305.0,67.0,66.0,8664.2,7.365,10.0,101.0,134.0,26.0
1307.0,68.0,60.0,8678.88,7.106,11.0,101.0,134.0,26.0
1309.0,77.0,59.0,8692.66,6.806,12.0,101.0,134.0,26.0
1310.0,78.0,59.0,8702.77,6.823,13.0,101.0,134.0,26.0
1312.0,75.0,60.0,8712.92,6.937,12.0,101.0,134.0,26.0
1314.0,96.0,61.0,8727.04,7.09,15.0,101.0,134.0,26.0
1316.0,58.0,65.0,8741.61,7.092,9.0,101.0,134.0,26.0
1317.0,80.0,63.0,8751.95,6.934,12.0,101.0,134.0,26.0
1319.0,79.0,61.0,8761.96,6.608,12.0,101.0,134.0,26.0
1321.0,81.0,61.0,8775.86,6.872,13.0,101.0,134.0,26.0
1323.0,96.0,61.0,8790.11,7.205,15.0,101.0,134.0,26.0
1325.0,87.0,63.0,8803.77,7.238,13.0,101.0,134.0,26.0
1327.0,78.0,61.0,8817.94,6.862,12.0,101.0,134.0,26.0
1328.0,79.0,60.0,8825.29,6.801,13.0,101.0,133.0,26.0
1330.0,84.0,61.0,8839.13,6.943,13.0,101.0,133.0,26.0
1332.0,96.0,61.0,8852.3,7.044,15.0,101.0,134.0,26.0
1333.0,85.0,63.0,8859.99,7.119,13.0,101.0,135.0,26.0
1335.0,88.0,61.0,8874.37,7.066,14.0,101.0,135.0,26.0
1337.0,85.0,61.0,8887.6,7.002,13.0,101.0,134.0,26.0
1339.0,77.0,62.0,8901.9,7.047,12.0,101.0,134.0,26.0
1340.0,89.0,63.0,8909.58,7.137,13.0,101.0,133.0,26.0
1342.0,88.0,64.0,8923.11,7.177,13.0,101.0,133.0,26.0
1343.0,89.0,64.0,8930.96,7.209,13.0,101.0,134.0,26.0
1345.0,82.0,63.0,8945.49,7.123,12.0,101.0,134.0,26.0
1347.0,91.0,62.0,8958.9,7.129,14.0,101.0,134.0,26.0
1348.0,93.0,63.0,8966.63,7.181,14.0,101.0,134.0,26.0
1349.0,90.0,63.0,8977.45,7.266,14.0,101.0,134.0,26.0
1351.0,82.0,62.0,8989.3,7.286,13.0,101.0,135.0,26.0
1353.0,87.0,62.0,9002.9,7.209,13.0,101.0,136.0,26.0
1354.0,82.0,62.0,9013.51,7.11,13.0,101.0,136.0,26.0
1356.0,80.0,61.0,9023.99,6.961,13.0,101.0,136.0,26.0
1357.0,86.0,61.0,9031.48,6.939,13.0,101.0,136.0,26.0
1359.0,81.0,63.0,9044.57,6.954,12.0,101.0,135.0,26.0
1360.0,85.0,62.0,9052.16,7.031,13.0,101.0,134.0,26.0
1362.0,76.0,61.0,9066.32,6.939,12.0,101.0,134.0,26.0
1364.0,87.0,61.0,9079.35,6.957,14.0,101.0,133.0,26.0
1365.0,89.0,62.0,9086.95,7.029,14.0,101.0,132.0,26.0
1367.0,83.0,62.0,9101.21,6.996,13.0,101.0,132.0,26.0
1368.0,86.0,62.0,9111.46,6.928,13.0,101.0,132.0,26.0
1370.0,86.0,62.0,9121.87,7.031,13.0,101.0,132.0,26.0
1372.0,75.0,61.0,9136.1,6.961,12.0,101.0,133.0,26.0
1373.0,79.0,61.0,9146.24,6.837,12.0,101.0,133.0,26.0
1375.0,76.0,60.0,9156.43,6.809,12.0,101.0,133.0,26.0
1377.0,73.0,59.0,9170.16,6.738,12.0,101.0,132.0,26.0
1379.0,73.0,59.0,9182.89,6.742,12.0,101.0,131.0,26.0
1380.0,85.0,59.0,9190.29,6.823,14.0,101.0,130.0,26.0
1382.0,70.0,61.0,9204.18,6.873,11.0,101.0,129.0,26.0
1384.0,82.0,61.0,9218.09,6.874,13.0,101.0,129.0,26.0
1385.0,81.0,62.0,9228.38,6.971,12.0,101.0,129.0,26.0
1387.0,90.0,62.0,9239.79,7.058,14.0,101.0,129.0,26.0
1388.0,84.0,62.0,9250.33,7.087,13.0,101.0,129.0,26.0
1390.0,86.0,62.0,9259.85,7.061,13.0,101.0,128.0,26.0
1392.0,100.0,62.0,9274.1,7.077,15.0,101.0,128.0,26.0
1393.0,70.0,62.0,9281.87,7.137,11.0,101.0,128.0,26.0
1395.0,77.0,60.0,9295.35,7.139,12.0,101.0,128.0,26.0
1397.0,87.0,61.0,9309.57,7.064,14.0,101.0,128.0,26.0
1398.0,85.0,61.0,9317.23,7.05,13.0,101.0,128.0,26.0
1399.0,83.0,62.0,9324.87,7.101,13.0,101.0,127.0,26.0
1401.0,82.0,61.0,9337.29,7.08,13.0,101.0,127.0,26.0
1402.0,88.0,60.0,9344.96,7.064,14.0,101.0,126.0,26.0
1404.0,86.0,61.0,9361.15,7.047,13.0,101.0,128.0,26.0
1406.0,78.0,62.0,9373.49,6.995,12.0,101.0,131.0,26.0
1408.0,78.0,62.0,9386.69,6.934,12.0,101.0,131.0,26.0
1409.0,86.0,61.0,9395.08,6.911,13.0,101.0,132.0,26.0
1411.0,74.0,62.0,9408.18,6.939,11.0,101.0,134.0,26.0
1413.0,76.0,62.0,9421.25,6.893,12.0,101.0,134.0,26.0
1414.0,92.0,62.0,9429.68,7.047,14.0,101.0,134.0,26.0
1416.0,90.0,65.0,9443.35,7.329,13.0,101.0,135.0,26.0
1418.0,76.0,63.0,9456.83,7.018,12.0,101.0,136.0,26.0
1419.0,74.0,63.0,9467.26,6.917,11.0,101.0,136.0,26.0
1421.0,73.0,66.0,9481.14,6.837,11.0,101.0,136.0,26.0
1423.0,82.0,64.0,9491.24,6.806,12.0,101.0,136.0,26.0
1424.0,80.0,63.0,9501.49,6.947,12.0,101.0,135.0,26.0
1426.0,85.0,62.0,9515.56,6.971,13.0,101.0,135.0,26.0
1428.0,88.0,63.0,9529.96,7.181,13.0,101.0,136.0,26.0
1430.0,102.0,64.0,9540.72,7.316,15.0,101.0,136.0,26.0
1431.0,75.0,64.0,9551.48,7.061,11.0,101.0,135.0,26.0
1433.0,83.0,62.0,9565.47,6.858,13.0,101.0,135.0,26.0
1435.0,84.0,61.0,9575.77,6.994,13.0,101.0,134.0,26.0
1436.0,105.0,60.0,9586.16,7.068,17.0,101.0,133.0,26.0
1437.0,78.0,61.0,9593.9,7.123,12.0,101.0,133.0,26.0
1439.0,75.0,61.0,9604.37,7.024,12.0,101.0,133.0,26.0
1441.0,76.0,61.0,9621.16,6.844,12.0,101.0,132.0,26.0
1442.0,83.0,60.0,9628.55,6.903,13.0,101.0,132.0,26.0
1444.0,81.0,60.0,9642.56,6.958,13.0,101.0,131.0,26.0
1446.0,86.0,62.0,9655.82,7.051,13.0,101.0,131.0,26.0
1447.0,83.0,63.0,9663.46,7.08,13.0,101.0,131.0,26.0
1449.0,86.0,63.0,9677.79,7.043,13.0,101.0,131.0,26.0
1451.0,75.0,61.0,9692.01,6.935,12.0,101.0,131.0,26.0
1453.0,80.0,60.0,9705.06,6.896,13.0,101.0,131.0,26.0
1454.0,80.0,60.0,9712.54,6.917,13.0,101.0,132.0,26.0
1456.0,83.0,58.0,9726.55,6.931,14.0,101.0,133.0,26.0
1458.0,83.0,60.0,9739.66,6.974,13.0,101.0,133.0,26.0
1459.0,82.0,60.0,9747.24,6.994,13.0,101.0,134.0,26.0
1461.0,82.0,61.0,9761.43,7.017,13.0,101.0,134.0,26.0
1463.0,88.0,61.0,9774.77,7.129,14.0,101.0,134.0,26.0
1464.0,86.0,62.0,9782.49,7.166,13.0,101.0,134.0,26.0
1465.0,76.0,63.0,9790.22,7.05,12.0,101.0,134.0,26.0
1467.0,88.0,61.0,9803.44,7.024,14.0,101.0,134.0,26.0
1469.0,82.0,61.0,9817.79,7.113,13.0,101.0,133.0,26.0
1471.0,88.0,62.0,9832.29,7.162,14.0,101.0,133.0,26.0
1473.0,92.0,63.0,9846.11,7.238,14.0,101.0,134.0,26.0
1475.0,88.0,63.0,9857.89,7.25,13.0,101.0,135.0,26.0
1476.0,79.0,62.0,9868.46,7.196,12.0,101.0,135.0,26.0
1478.0,89.0,62.0,9881.99,7.132,14.0,101.0,136.0,26.0
1479.0,111.0,63.0,9889.67,7.2,17.0,101.0,136.0,26.0
1481.0,77.0,64.0,9904.57,7.398,11.0,101.0,136.0,26.0
1483.0,81.0,60.0,9919.15,6.907,13.0,101.0,135.0,26.0
1485.0,80.0,62.0,9932.29,6.998,12.0,101.0,134.0,26.0
1486.0,107.0,61.0,9939.9,7.203,17.0,101.0,134.0,26.0
1487.0,65.0,62.0,9947.73,7.145,10.0,101.0,134.0,26.0
1489.0,68.0,59.0,9960.89,6.868,11.0,101.0,134.0,26.0
1491.0,79.0,57.0,9973.98,6.529,13.0,101.0,133.0,26.0
1493.0,71.0,58.0,9987.49,6.698,12.0,101.0,133.0,26.0
1495.0,73.0,57.0,10000.19,6.733,12.0,101.0,132.0,26.0
1496.0,70.0,57.0,10007.41,6.685,12.0,101.0,131.0,26.0
1498.0,75.0,57.0,10020.93,6.67,13.0,101.0,130.0,26.0
1500.0,89.0,61.0,10033.7,6.93,14.0,101.0,130.0,26.0
1502.0,80.0,62.0,10045.09,7.057,12.0,101.0,131.0,26.0
1503.0,81.0,61.0,10055.55,7.008,13.0,101.0,131.0,26.0
1505.0,85.0,61.0,10065.97,7.029,13.0,101.0,131.0,26.0
1507.0,97.0,60.0,10079.84,6.911,15.0,101.0,130.0,26.0
1508.0,89.0,64.0,10090.32,7.139,13.0,101.0,131.0,26.0
1510.0,89.0,65.0,10104.98,7.353,13.0,101.0,131.0,26.0
1512.0,73.0,63.0,10118.68,7.119,11.0,101.0,131.0,26.0
1513.0,80.0,62.0,10126.26,6.988,12.0,101.0,129.0,26.0
1515.0,79.0,61.0,10136.48,6.862,12.0,101.0,128.0,26.0
1516.0,83.0,61.0,10146.73,6.899,13.0,101.0,127.0,26.0
1518.0,77.0,61.0,10160.79,6.94,12.0,101.0,128.0,26.0
1520.0,84.0,61.0,10175.77,6.954,13.0,101.0,129.0,26.0
1522.0,81.0,62.0,10188.09,7.011,12.0,101.0,129.0,26.0
1523.0,80.0,61.0,10196.56,6.991,13.0,101.0,129.0,26.0
1525.0,91.0,61.0,10209.86,7.099,14.0,101.0,128.0,26.0
1527.0,79.0,61.0,10223.26,7.074,12.0,101.0,128.0,26.0
1528.0,83.0,61.0,10230.9,7.021,13.0,101.0,128.0,26.0
1530.0,79.0,62.0,10245.03,6.975,12.0,101.0,129.0,26.0
1532.0,74.0,62.0,10258.03,6.848,11.0,101.0,130.0,26.0
1533.0,79.0,62.0,10265.4,6.827,12.0,101.0,130.0,26.0
1536.0,71.0,60.0,10281.83,6.731,11.0,101.0,130.0,26.0
1537.0,81.0,60.0,10291.71,6.73,13.0,101.0,130.0,26.0
1538.0,83.0,60.0,10299.08,6.865,13.0,101.0,130.0,26.0
1541.0,76.0,62.0,10315.95,6.948,12.0,101.0,129.0,26.0
1543.0,82.0,61.0,10329.94,6.927,13.0,101.0,129.0,26.0
1544.0,70.0,61.0,10340.18,6.823,11.0,101.0,129.0,26.0
1545.0,77.0,60.0,10347.5,6.806,12.0,101.0,129.0,26.0
1548.0,88.0,61.0,10364.09,6.879,14.0,101.0,129.0,26.0
1550.0,72.0,61.0,10378.1,6.851,11.0,101.0,129.0,26.0
1551.0,81.0,61.0,10388.38,6.875,13.0,101.0,129.0,26.0
1553.0,71.0,63.0,10398.64,6.901,11.0,101.0,129.0,26.0
1555.0,73.0,60.0,10412.65,6.851,12.0,101.0,130.0,26.0
1557.0,88.0,60.0,10426.26,6.855,14.0,101.0,130.0,26.0
1559.0,80.0,60.0,10440.4,7.011,13.0,101.0,131.0,26.0
1560.0,78.0,60.0,10450.81,7.001,12.0,101.0,131.0,26.0
1562.0,88.0,60.0,10461.14,7.004,14.0,101.0,133.0,26.0
1564.0,89.0,63.0,10475.32,7.018,13.0,101.0,133.0,26.0
1566.0,69.0,62.0,10489.35,6.781,11.0,101.0,134.0,26.0
1568.0,90.0,61.0,10501.82,6.659,14.0,101.0,134.0,26.0
1569.0,90.0,61.0,10509.13,6.792,14.0,101.0,134.0,26.0
1571.0,88.0,62.0,10523.24,7.128,14.0,101.0,134.0,26.0
1573.0,82.0,61.0,10536.64,7.051,13.0,101.0,134.0,26.0
1574.0,83.0,61.0,10544.18,7.014,13.0,101.0,134.0,26.0
1576.0,87.0,61.0,10558.47,7.062,14.0,101.0,134.0,26.0
1578.0,88.0,63.0,10571.99,7.222,13.0,101.0,133.0,26.0
1579.0,87.0,61.0,10579.84,7.241,14.0,101.0,132.0,26.0
1581.0,86.0,61.0,10594.34,7.134,13.0,101.0,132.0,26.0
1582.0,78.0,62.0,10602.04,7.058,12.0,101.0,131.0,26.0
1584.0,78.0,63.0,10615.35,7.051,12.0,101.0,131.0,26.0
1586.0,82.0,61.0,10629.64,7.1,13.0,101.0,131.0,26.0
1588.0,91.0,61.0,10644.06,7.166,14.0,101.0,133.0,26.0
1590.0,86.0,60.0,10657.33,6.991,14.0,101.0,134.0,26.0
1591.0,90.0,60.0,10664.88,6.985,14.0,101.0,134.0,26.0
1593.0,89.0,61.0,10679.26,7.223,14.0,101.0,135.0,26.0
1595.0,87.0,61.0,10692.87,7.177,14.0,101.0,135.0,26.0
1597.0,78.0,62.0,10707.27,7.093,12.0,101.0,135.0,26.0
1598.0,86.0,61.0,10714.95,7.058,13.0,101.0,135.0,26.0
1600.0,91.0,61.0,10728.22,7.07,14.0,101.0,133.0,26.0
1601.0,86.0,62.0,10735.93,7.139,13.0,101.0,133.0,26.0
1603.0,90.0,62.0,10750.49,7.212,14.0,101.0,132.0,26.0
1605.0,86.0,61.0,10764.02,7.129,13.0,101.0,132.0,26.0
1606.0,81.0,61.0,10771.63,7.064,13.0,101.0,132.0,26.0
1608.0,98.0,61.0,10785.93,7.148,15.0,101.0,132.0,26.0
1610.0,81.0,63.0,10800.56,7.202,12.0,101.0,133.0,26.0
1612.0,76.0,63.0,10813.87,6.944,12.0,101.0,133.0,26.0
1613.0,84.0,62.0,10821.38,6.937,13.0,101.0,132.0,26.0
1615.0,97.0,61.0,10835.52,7.076,15.0,101.0,132.0,26.0
1617.0,85.0,62.0,10849.11,7.136,13.0,101.0,132.0,26.0
1618.0,85.0,62.0,10857.73,7.123,13.0,101.0,131.0,26.0
1620.0,87.0,61.0,10870.94,6.95,14.0,101.0,131.0,26.0
1622.0,76.0,60.0,10884.08,6.88,12.0,101.0,130.0,26.0
1623.0,80.0,60.0,10891.48,6.879,13.0,101.0,130.0,26.0
1625.0,83.0,61.0,10905.34,6.899,13.0,101.0,131.0,26.0
1626.0,80.0,60.0,10912.82,6.958,13.0,101.0,132.0,26.0
1628.0,86.0,61.0,10926.11,7.1,13.0,101.0,135.0,26.0
1630.0,78.0,64.0,10940.61,7.17,12.0,101.0,134.0,26.0
1631.0,81.0,63.0,10948.28,7.054,12.0,101.0,134.0,26.0
1633.0,79.0,62.0,10961.6,6.998,12.0,101.0,135.0,26.0
1635.0,90.0,61.0,10975.92,7.087,14.0,101.0,136.0,26.0
1636.0,78.0,62.0,10983.54,7.047,12.0,101.0,137.0,26.0
1638.0,84.0,62.0,10997.89,7.098,13.0,101.0,137.0,26.0
1640.0,93.0,62.0,11011.43,7.247,14.0,101.0,136.0,26.0
1641.0,107.0,62.0,11019.34,7.375,16.0,101.0,136.0,26.0
1643.0,69.0,62.0,11032.73,6.875,11.0,101.0,135.0,26.0
1645.0,75.0,59.0,11045.97,6.539,12.0,101.0,135.0,26.0
1646.0,71.0,58.0,11053.22,6.655,12.0,101.0,135.0,26.0
1648.0,75.0,58.0,11066.02,6.842,12.0,101.0,135.0,26.0
1650.0,85.0,60.0,11080.0,7.015,14.0,101.0,135.0,26.0
1651.0,86.0,61.0,11087.61,7.039,13.0,101.0,135.0,26.0
1653.0,74.0,59.0,11100.65,6.83,12.0,101.0,135.0,26.0
1655.0,85.0,59.0,11114.34,6.827,14.0,101.0,133.0,26.0
1657.0,84.0,59.0,11131.36,7.051,14.0,101.0,132.0,26.0
1659.0,92.0,61.0,11141.91,7.126,14.0,101.0,131.0,26.0
1660.0,88.0,61.0,11149.61,7.158,14.0,101.0,131.0,26.0
1662.0,88.0,61.0,11164.01,7.038,14.0,101.0,131.0,26.0
1664.0,59.0,65.0,11181.26,7.119,9.0,101.0,131.0,26.0
1666.0,113.0,62.0,11195.58,7.119,17.0,101.0,131.0,26.0
1668.0,95.0,62.0,11206.08,7.087,15.0,101.0,131.0,26.0
1669.0,99.0,64.0,11216.82,7.307,15.0,101.0,131.0,26.0
1671.0,95.0,62.0,11231.52,7.307,15.0,101.0,131.0,26.0
1673.0,92.0,62.0,11246.14,7.193,14.0,101.0,131.0,26.0
1675.0,90.0,62.0,11256.87,7.228,14.0,101.0,131.0,26.0
1676.0,99.0,63.0,11264.68,7.291,15.0,101.0,131.0,26.0
1678.0,91.0,64.0,11278.66,7.393,14.0,101.0,131.0,26.0
1679.0,76.0,63.0,11289.63,7.238,12.0,101.0,131.0,26.0
1680.0,93.0,61.0,11297.35,7.123,15.0,101.0,131.0,26.0
1682.0,85.0,64.0,11311.73,7.251,13.0,101.0,131.0,26.0
1684.0,89.0,62.0,11325.38,7.181,14.0,101.0,131.0,26.0
1685.0,76.0,62.0,11333.07,7.084,12.0,101.0,132.0,26.0
1687.0,91.0,62.0,11347.26,7.028,14.0,101.0,132.0,26.0
1689.0,86.0,62.0,11360.65,7.129,13.0,101.0,132.0,26.0
1690.0,89.0,62.0,11368.35,7.168,14.0,101.0,131.0,26.0
1692.0,85.0,63.0,11383.0,7.294,13.0,101.0,131.0,26.0
1694.0,81.0,63.0,11396.86,7.196,12.0,101.0,132.0,26.0
1697.0,76.0,61.0,11414.73,6.903,12.0,101.0,132.0,26.0
1698.0,82.0,61.0,11424.99,6.945,13.0,101.0,132.0,26.0
1700.0,79.0,61.0,11439.22,6.992,12.0,101.0,133.0,26.0
1702.0,78.0,65.0,11453.45,7.018,11.0,101.0,133.0,26.0
1704.0,75.0,61.0,11466.52,6.868,12.0,101.0,133.0,26.0
1705.0,86.0,60.0,11473.82,6.781,14.0,101.0,133.0,26.0
1707.0,76.0,61.0,11487.91,7.058,12.0,101.0,132.0,26.0
1709.0,86.0,60.0,11502.1,6.943,14.0,101.0,132.0,26.0
1711.0,67.0,63.0,11515.5,7.1,10.0,101.0,131.0,26.0
1712.0,67.0,63.0,11524.04,6.962,10.0,101.0,131.0,26.0
1714.0,81.0,62.0,11537.15,6.924,12.0,101.0,130.0,26.0
1716.0,83.0,59.0,11550.22,6.879,13.0,101.0,130.0,26.0
1717.0,83.0,59.0,11557.62,6.859,13.0,101.0,130.0,26.0
1718.0,70.0,60.0,11565.19,6.874,11.0,101.0,130.0,26.0
1720.0,83.0,60.0,11578.06,6.848,13.0,101.0,130.0,26.0
1722.0,70.0,60.0,11591.79,6.749,11.0,101.0,131.0,26.0
1724.0,80.0,59.0,11605.46,6.773,13.0,101.0,131.0,26.0
1726.0,76.0,59.0,11615.52,6.865,12.0,101.0,131.0,26.0
1727.0,80.0,59.0,11625.75,6.879,13.0,101.0,130.0,26.0
1729.0,70.0,60.0,11636.09,6.896,11.0,101.0,128.0,26.0
1731.0,76.0,59.0,11653.6,6.746,12.0,101.0,131.0,26.0
1733.0,85.0,60.0,11666.55,6.903,14.0,101.0,133.0,26.0
1734.0,84.0,61.0,11674.05,6.964,13.0,101.0,132.0,26.0
1736.0,76.0,61.0,11687.95,6.781,12.0,101.0,131.0,26.0
1738.0,73.0,65.0,11701.02,7.209,11.0,101.0,131.0,26.0
1740.0,70.0,62.0,11715.96,7.161,11.0,101.0,130.0,26.0
1741.0,81.0,61.0,11723.38,6.669,13.0,101.0,130.0,26.0
1743.0,84.0,61.0,11736.13,6.803,13.0,101.0,129.0,26.0
1744.0,82.0,61.0,11743.6,6.978,13.0,101.0,129.0,26.0
1746.0,80.0,61.0,11757.87,7.043,13.0,101.0,129.0,26.0
1748.0,64.0,60.0,11771.06,6.875,10.0,101.0,130.0,26.0
1749.0,67.0,59.0,11778.26,6.641,11.0,101.0,129.0,26.0
1751.0,76.0,60.0,11791.49,6.525,12.0,101.0,126.0,26.0
1753.0,89.0,63.0,11804.1,6.83,13.0,101.0,124.0,26.0
1754.0,78.0,63.0,11811.54,6.91,12.0,101.0,123.0,26.0
1756.0,79.0,62.0,11825.66,6.95,12.0,101.0,122.0,26.0
1758.0,80.0,60.0,11838.66,6.874,13.0,101.0,122.0,26.0
1759.0,97.0,61.0,11846.09,6.969,15.0,101.0,122.0,26.0
1761.0,80.0,62.0,11860.47,7.164,12.0,101.0,122.0,26.0
1763.0,89.0,60.0,11873.91,7.087,14.0,101.0,121.0,26.0
1764.0,82.0,60.0,11881.55,7.064,13.0,101.0,122.0,26.0
1766.0,84.0,64.0,11895.88,7.025,13.0,101.0,121.0,26.0
1768.0,79.0,62.0,11910.23,7.111,12.0,101.0,121.0,26.0
1770.0,74.0,59.0,11923.29,6.827,12.0,101.0,120.0,26.0
1771.0,121.0,59.0,11930.92,7.161,20.0,101.0,120.0,26.0
1773.0,76.0,60.0,11945.5,7.314,12.0,101.0,120.0,26.0
1775.0,74.0,59.0,11958.54,6.763,12.0,101.0,120.0,26.0
1776.0,81.0,59.0,11965.86,6.806,13.0,101.0,119.0,26.0
1778.0,70.0,60.0,11980.07,7.166,11.0,101.0,119.0,26.0
1780.0,93.0,59.0,11993.6,7.155,15.0,101.0,120.0,26.0
1781.0,88.0,60.0,12001.25,7.07,14.0,101.0,120.0,26.0
1784.0,88.0,60.0,12018.52,7.038,14.0,101.0,120.0,26.0
1785.0,81.0,60.0,12028.96,7.021,13.0,101.0,120.0,26.0
1786.0,74.0,59.0,12036.51,6.947,12.0,101.0,120.0,26.0
1789.0,86.0,60.0,12053.33,6.988,14.0,101.0,119.0,26.0
1791.0,93.0,62.0,12067.75,7.266,14.0,101.0,119.0,26.0
1792.0,144.0,64.0,12078.87,7.765,21.0,101.0,119.0,26.0
1794.0,68.0,64.0,12090.27,7.498,10.0,101.0,119.0,26.0
1796.0,98.0,60.0,12104.57,6.813,16.0,101.0,119.0,26.0
1798.0,84.0,64.0,12119.04,7.228,13.0,101.0,120.0,26.0
1799.0,86.0,61.0,12129.72,7.158,13.0,101.0,120.0,26.0
1801.0,90.0,59.0,12140.25,7.102,15.0,101.0,120.0,26.0
1803.0,84.0,58.0,12154.27,6.713,14.0,101.0,121.0,26.0
1805.0,81.0,62.0,12167.99,6.813,12.0,101.0,121.0,26.0
1806.0,80.0,61.0,12178.58,7.084,13.0,101.0,121.0,26.0
1808.0,93.0,60.0,12189.02,7.057,15.0,101.0,121.0,26.0
1810.0,123.0,59.0,12203.66,7.408,20.0,101.0,121.0,26.0
1812.0,94.0,61.0,12218.85,7.498,15.0,101.0,121.0,26.0
1813.0,89.0,60.0,12229.82,7.331,14.0,101.0,121.0,26.0
1816.0,86.0,61.0,12247.3,7.116,13.0,101.0,121.0,26.0
1817.0,77.0,60.0,12254.92,7.028,12.0,101.0,120.0,26.0
1819.0,81.0,59.0,12269.04,6.937,13.0,101.0,120.0,26.0
1821.0,84.0,59.0,12282.16,6.981,14.0,101.0,119.0,26.0
1822.0,78.0,59.0,12289.74,6.984,13.0,101.0,118.0,26.0
1824.0,77.0,58.0,12303.85,6.917,13.0,101.0,118.0,26.0
1826.0,87.0,60.0,12316.9,6.934,14.0,101.0,117.0,26.0
1827.0,72.0,60.0,12324.4,6.898,11.0,101.0,117.0,26.0
1829.0,72.0,58.0,12338.15,6.692,12.0,101.0,117.0,26.0
1831.0,77.0,58.0,12350.72,6.634,13.0,101.0,117.0,26.0
1832.0,72.0,58.0,12357.97,6.681,12.0,101.0,118.0,26.0
1834.0,81.0,59.0,12371.51,6.773,13.0,101.0,120.0,26.0
1836.0,77.0,58.0,12385.4,6.868,13.0,101.0,121.0,26.0
1837.0,72.0,59.0,12395.58,6.781,12.0,101.0,121.0,26.0
1839.0,71.0,58.0,12405.52,6.663,12.0,101.0,124.0,26.0
1840.0,77.0,57.0,12412.62,6.608,13.0,101.0,125.0,26.0
1842.0,82.0,58.0,12425.3,6.778,14.0,101.0,127.0,26.0
1844.0,73.0,58.0,12439.14,6.816,12.0,101.0,127.0,26.0
1845.0,76.0,57.0,12446.43,6.746,13.0,101.0,128.0,26.0
1847.0,59.0,56.0,12458.89,6.472,10.0,101.0,127.0,26.0
1849.0,80.0,54.0,12472.53,6.295,14.0,101.0,127.0,26.0
1850.0,68.0,55.0,12481.35,6.533,12.0,101.0,127.0,26.0
1853.0,73.0,55.0,12497.19,6.495,13.0,101.0,127.0,26.0
1854.0,61.0,53.0,12504.33,6.506,11.0,101.0,126.0,26.0
1855.0,71.0,52.0,12513.79,6.41,13.0,101.0,126.0,26.0
1857.0,69.0,52.0,12523.36,6.463,13.0,101.0,123.0,26.0
